{"0": {"type":"container","name":"Home - 2","w":360,"h":640,"globalW":360,"globalH":640,"x":2706,"y":196,"rotation":0,"radius":null,"color":"#ffffff","wcolor":true,"image":false,"borderColor":"#ffffff","borderOpacity":1,"borderWidth":1,"withBorder":false,"opacity":1,"shadow":{"visible":false},"shape":"rectangle"},"1": {"type":"svg","name":"baixo_dir","w":72,"h":166.019775390625,"globalW":72,"globalH":166.019775390625,"x":2984,"y":659.94970703125,"rotation":180},"2": {"type":"svg","name":"baixo_esq","w":59.99951171875,"h":209.8983154296875,"globalW":59.99951171875,"globalH":209.8983154296875,"x":2716,"y":616.0718383789062,"rotation":0},"3": {"type":"svg","name":"cima_dir","w":58.99951171875,"h":154.94879150390625,"globalW":58.99951171875,"globalH":154.94879150390625,"x":2996.00048828125,"y":224.00009155273438,"rotation":180},"4": {"type":"svg","name":"cima_esq","w":94.99951171875,"h":148.58859252929688,"globalW":94.99951171875,"globalH":148.58859252929688,"x":2716,"y":224,"rotation":0},"5": {"type":"svg","name":"name","w":244.8173828125,"h":21.8731689453125,"globalW":244.8173828125,"globalH":21.8731689453125,"x":2763.4541015625,"y":593.08984375,"rotation":0},"6": {"type":"container","name":"fundo_jogar","w":74,"h":5,"globalW":74,"globalH":5,"x":2849,"y":706,"rotation":0,"radius":{"topLeft":5,"topRight":5,"bottomRight":5,"bottomLeft":5},"color":{"endY":0.5,"endX":0.026165936142206192,"startY":0.5,"startX":1,"colorStops":[{"color":{"value":4286590919},"stop":0},{"color":{"value":4283603691},"stop":1}]},"wcolor":true,"image":false,"borderColor":"#707070","borderOpacity":1,"borderWidth":1,"withBorder":false,"opacity":1,"shadow":{"x":0,"y":2,"color":"#000000","opacity":0.23921568627450981,"visible":true,"blur":6},"shape":"rectangle"},"7": {"type":"text","name":"Jogar","text":"Jogar","w":61,"h":33,"globalW":61,"globalH":33,"x":2856,"y":674,"withAreaBox":false,"rotation":0,"wcolor":true,"color":"#826bde","textAlign":"left","underline":false,"strikethrough":false,"fontFamily":"Bebas Neue","fontWeight":"regular","fontSize":33,"opacity":1,"shadow":{"visible":false}},"8": {"type":"svg","name":"settings","w":23.344970703125,"h":24,"globalW":23.344970703125,"globalH":24,"x":2838.65234375,"y":734,"rotation":0},"9": {"type":"svg","name":"insta","w":23.7744140625,"h":23.7744140625,"globalW":23.7744140625,"globalH":23.7744140625,"x":2906.9873046875,"y":734.033203125,"rotation":0},"10": {"type":"container","name":"fundoVip","w":60,"h":27,"globalW":60,"globalH":27,"x":2856,"y":786,"rotation":0,"radius":{"topLeft":5,"topRight":5,"bottomRight":5,"bottomLeft":5},"color":{"endY":1,"endX":0.5,"startY":0,"startX":0.5,"colorStops":[{"color":{"value":4291581192},"stop":0},{"color":{"value":4293510954},"stop":1}]},"wcolor":true,"image":false,"borderColor":"#707070","borderOpacity":1,"borderWidth":1,"withBorder":false,"opacity":1,"shadow":{"visible":false},"shape":"rectangle"},"11": {"type":"container","name":"frente","w":56,"h":23,"globalW":56,"globalH":23,"x":2858,"y":788,"rotation":0,"radius":{"topLeft":5,"topRight":5,"bottomRight":5,"bottomLeft":5},"color":"#ffffff","wcolor":true,"image":false,"borderColor":"#ffffff","borderOpacity":1,"borderWidth":1,"withBorder":true,"opacity":1,"shadow":{"visible":false},"shape":"rectangle"},"12": {"type":"text","name":"VIP","text":"VIP","w":19,"h":20,"globalW":19,"globalH":20,"x":2877,"y":792,"withAreaBox":false,"rotation":0,"wcolor":true,"color":"#ff800a","textAlign":"center","underline":false,"strikethrough":false,"fontFamily":"Bebas Neue","fontWeight":"regular","fontSize":20,"opacity":1,"shadow":{"visible":false}},"13": {"type":"svg","name":"logo","w":105.02587890625,"h":210.67132568359375,"globalW":105.02587890625,"globalH":210.67132568359375,"x":2833.84521484375,"y":333.52752685546875,"rotation":0}}